code,title,price
FAKE-001,آیدا DH1419-70 مشکی,163450000
FAKE-002,آیدا DH1419-70 سفید,167890000
FAKE-003,آیسا DH1420-70 مشکی,128990000
FAKE-004,ژینا DH1405-80 مشکی,227890000
FAKE-005,ژینا DH1405-80 سفید,241230000
FAKE-006,پونه DH1406-80 مشکی,212340000
FAKE-007,پونه DH1406-80 سفید,219990000
FAKE-008,تیسا DH1407-80 مشکی,164560000
FAKE-009,تیسا DH1407-80 استیل,172340000
FAKE-010,تیسا DH1407-80 سفید,171990000
FAKE-011,تیسا DH1407-60 مشکی,161230000
FAKE-012,ژوان DH1408-70 مشکی,207990000
FAKE-013,ژوان DH1408-70 سفید,216780000
FAKE-014,DH1409-80 مشکی,294560000
FAKE-015,DH1410-80 مشکی,265670000
FAKE-016,DH1411-80 مشکی-طالیی,231230000
FAKE-017,DH1411-80 مشکی-آینه ای,231230000
FAKE-018,DH1411-80 سفید-طالیی,245670000
FAKE-019,DH1412-80 مشکی,243450000
FAKE-020,DH1413-60 مشکی,218990000
FAKE-021,DH1413-60 سفید,233450000
FAKE-022,DH1413-70 مشکی,221230000
FAKE-023,DH1413-70 سفید,235670000
FAKE-024,DH1413-80 مشکی,232340000
FAKE-025,DH1413-80 سفید,245670000
FAKE-026,DH1413-80 آینه ای,238990000
FAKE-027,DH1413-90 مشکی,236780000
FAKE-028,DH1413-90 سفید,249990000
FAKE-029,DH1414-70 مشکی,219990000
FAKE-030,DH1415-70 مشکی,149990000
FAKE-031,DH1415-70 سفید,153990000
FAKE-032,DH1415-70 استیل,157890000
FAKE-033,DH1416-70 سفید,214560000
FAKE-034,DH1416-70 مشکی,206780000
FAKE-035,DH1416-70 استیل-مشکی,211230000
FAKE-036,DH1417-80 استیل-مشکی,238990000
FAKE-037,گلیم DH1201-60 استیل,171230000
FAKE-038,گلیم DH1201-60 مشکی,151230000
FAKE-039,گلیم DH1201-80 استیل,171230000
FAKE-040,گلیم DH1201-80 مشکی,151230000
FAKE-041,گلیم DH1201-90 استیل,171230000
FAKE-042,گلیم DH1201-90 مشکی,151230000
FAKE-043,ونوس DH1202-60 استیل,236780000
FAKE-044,ونوس DH1202-80 استیل,236780000
FAKE-045,ونوس DH1202-90 مشکی,222340000
FAKE-046,ونوس DH1202-90 استیل,236780000
FAKE-047,آوا DH1203-90 مشکی,204560000
FAKE-048,نسیم DH1101-60 مشکی,162340000
FAKE-049,نسیم DH1101-60 سفید,162340000
FAKE-050,نسیم DH1101-80 مشکی,162340000
FAKE-051,نسیم DH1101-80 سفید,162340000
FAKE-052,نسیم DH1101-90 مشکی,162340000
FAKE-053,نسیم DH1101-90 سفید,162340000
FAKE-054,زیبا DH1301-90 مشکی,252340000
FAKE-055,نگین DH1302-60 مشکی,246990000
FAKE-056,نگین DH1302-60 سفید,254560000
FAKE-057,نگین DH1302-80 مشکی,246990000
FAKE-058,نگین DH1302-80 سفید,254560000
FAKE-059,نگین DH1302-90 مشکی,246990000
FAKE-060,نگین DH1302-90 سفید,254560000
FAKE-061,دنا DH1303-60 مشکی,236990000
FAKE-062,دنا DH1303-60 سفید,264560000
FAKE-063,دنا DH1303-90 مشکی,251230000
FAKE-064,دنا DH1303-90 سفید,267890000
FAKE-065,افرا DH1304-90 مشکی,251230000
FAKE-066,مارال DH1305-90 مشکی,251230000
FAKE-067,مارال DH1305-90 سفید,266780000
FAKE-068,نهال DH1306-90 مشکی,272340000
FAKE-069,نهال DH1306-90 سفید,296780000
FAKE-070,بهار DH1307-90 مشکی,262340000
FAKE-071,بهار DH1307-90 سفید,276780000
FAKE-072,نگین DH1308-90 مشکی جک برقی,341230000
FAKE-073,نگین DH1308-90 سفید جک برقی,355670000
FAKE-074,مهدیس DH1309-90 مشکی,158990000
FAKE-075,مهتاب DH1310-90 مشکی,223450000
FAKE-076,دیانا DH11324-90 مشکی,157990000
FAKE-077,آدریانا DH11325-90 مشکی,153990000
FAKE-078,رزا DH1313-90 مشکی-طالیی,227890000
FAKE-079,رزا DH1313-90 مشکی-دانه گندمی,227890000
FAKE-080,ثمر DH1318-90 مشکی,223450000
FAKE-081,ثمر DH1318-90 سفید,238990000
FAKE-082,آنتیک DH1319-90 مشکی,238990000
FAKE-083,رویا DH1320-90 مشکی,251230000
FAKE-084,رویا DH1320-90 سفید,268990000
FAKE-085,DH1321-90 مشکی,187990000
FAKE-086,DH1321-90 سفید,205670000
FAKE-087,DH1322-90 مشکی,179990000
FAKE-088,DH1323-60 مشکی,164560000
FAKE-089,DH1323-80 مشکی,164560000
FAKE-090,DH1323-90 مشکی,164560000
FAKE-091,هامون DG2100-4 مشکی,273450000
FAKE-092,هامون DG2100-5M مشکی,337890000
FAKE-093,الی DG2100-5R مشکی,337890000
FAKE-094,DG101 مشکی,138760000
FAKE-095,DG202 مشکی,167890000
FAKE-096,روژین DG2102-5R مشکی-آینه ای,333450000
FAKE-097,روشا DG2102-5M مشکی-آینه ای,333450000
FAKE-098,روشا DG2102-5M مشکی-طالیی,333450000
FAKE-099,مانا DG2103-4 مشکی,247990000
FAKE-100,مانا DG2103-5M مشکی,307890000
FAKE-101,آرتا DG2103-5R سفید,328990000
FAKE-102,آرتا DG2103-5R مشکی,307890000
FAKE-103,آنا DG2104-4 مشکی,247990000
FAKE-104,آنا DG2104-5M مشکی,307890000
FAKE-105,آنا DG2104-4 سفید,264560000
FAKE-106,آنا DG2104-5M سفید,328990000
FAKE-107,سانا DG2104-5R مشکی,307890000
FAKE-108,آوینا DG2105-3 مشکی,224560000
FAKE-109,الینا DG2106-3 مشکی,224560000
FAKE-110,ویدا DG2107-5M مشکی,327990000
FAKE-111,ثمین DG2108-5M مشکی,327990000
FAKE-112,ثمین DG2108-5M سفید,352340000
FAKE-113,آنتیک DG2109-5M مشکی,327890000
FAKE-114,DG2110-4 مشکی طالیی,279990000
FAKE-115,DG2110-4 مشکی آینه ای,279990000
FAKE-116,DG2110-4 مشکی,268990000
FAKE-117,DG2110-5M مشکی طالیی,342340000
FAKE-118,DG2110-5R مشکی طالیی,342340000
FAKE-119,DG2110-5M مشکی آینه ای,342340000
FAKE-120,DG2110-5R مشکی آینه ای,342340000
FAKE-121,DG2110-5M مشکی,334560000
FAKE-122,DG2110-5R مشکی,334560000
FAKE-123,DG2110-5L مشکی,334560000
FAKE-124,DG2110-5M سفید طالیی,347890000
FAKE-125,DG2111-5M مشکی طالیی,336990000
FAKE-126,DG2111-5M مشکی آینه ای,336990000
FAKE-127,DG2112-5M مشکی طالیی,347990000
FAKE-128,DG2112-5M مشکی آینه ای,347990000
FAKE-129,DG2113-5M مشکی,369990000
FAKE-130,DG2113-5R مشکی,369990000
FAKE-131,DG2114-5M مشکی,373450000
FAKE-132,DG2114-5R مشکی,373450000
FAKE-133,DG2115-5M مشکی,363450000
FAKE-134,DG2115-5R مشکی,363450000
FAKE-135,DG2116-5M مشکی,346780000
FAKE-136,DG2116-5R مشکی,346780000
FAKE-137,آنیل DG2200-4 استیل,287990000
FAKE-138,رایا DG2200-5R استیل,365670000
FAKE-139,آنیل DG2200-5M استیل,365670000
FAKE-140,رادا DG2201-5R استیل,382340000
FAKE-141,رادین DG2201-5M استیل,382340000
FAKE-142,تانیا DG2202-2 استیل,186780000
FAKE-143,دلوان DG2203-5R استیل,365670000
FAKE-144,دلوین DG2203-5M استیل,365670000
FAKE-145,مانلی DG2204-5M استیل,348990000
FAKE-146,آنیتا DG2205-3 استیل,227990000
FAKE-147,لیان DG2206-5R استیل,262340000
FAKE-148,رایکا DG2207-5M استیل,337890000
FAKE-149,رایان DG2208-5R استیل,346990000
FAKE-150,مایان DG2208-5M استیل,346990000
FAKE-151,DG2209-5M استیل,366780000
FAKE-152,DG2209-5R استیل,366780000
FAKE-153,DG2210-5M استیل,363450000
FAKE-154,DG2211-5M استیل,362340000
FAKE-155,DG2212-3 استیل,304560000
FAKE-156,DG2213-5M استیل,432340000
FAKE-157,DG2215-5M استیل,384560000
FAKE-158,DG2216-5M استیل,381230000
FAKE-159,دینا DG2302-5R مشکی,339990000
FAKE-160,دنیا DG2302-5M مشکی,339990000
FAKE-161,تانیا DG2400-2 مشکی,181230000
FAKE-162,تانیا DG2400-4 مشکی,271230000
FAKE-163,تانیا DG2400-5M مشکی,316780000
FAKE-164,هانیا DG2400-5R مشکی,316780000
FAKE-165,DG2500-2 مشکی,177990000
FAKE-166,DG2500-3 مشکی,235670000
FAKE-167,DS3800-74 استیل,306780000
FAKE-168,DS3800-90 استیل,357990000
FAKE-169,DS3801-74 استیل,347890000
FAKE-170,DS3801-90 استیل,359990000
FAKE-171,DS3803-74 استیل,362340000
FAKE-172,DS3803-90 استیل,434560000
FAKE-173,DS3803-104 استیل,443450000
FAKE-174,DS3804-74 استیل,429990000
FAKE-175,DS3804-90 استیل,464560000
FAKE-176,DS3805-74 استیل,362340000
FAKE-177,DS3805-90 استیل,434560000
FAKE-178,DS3805-104 استیل,443450000
FAKE-179,DS3806-104R-L استیل,447890000
FAKE-180,DS3806-120R-L استیل,502340000
FAKE-181,DS3807-120R-L استیل,571230000
FAKE-182,DS3807-104R-L استیل,516780000
FAKE-183,DS 111 استیل,194560000
FAKE-184,DS 110 استیل,217890000
FAKE-185,DS 115 استیل,194560000
FAKE-186,DS 116 استیل,229990000
FAKE-187,DS 119 استیل,229990000
FAKE-188,DS 121 استیل,229990000
FAKE-189,DS 122 استیل,229990000
FAKE-190,DS 123 استیل,229990000
FAKE-191,DS 125 استیل,209990000
FAKE-192,DS 124 استیل,229990000
FAKE-193,DS 126 استیل,229990000
FAKE-194,DS 129 استیل,229990000
FAKE-195,DS 130 استیل,229990000
FAKE-196,DS 146 استیل,262340000
FAKE-197,DS 151 استیل,239000000
FAKE-198,DS 152 استیل,239000000
FAKE-199,DS3114-60 استیل,166780000
FAKE-200,DS 153 استیل,239000000
FAKE-201,DS 154 استیل,239000000
FAKE-202,DS3120-100 استیل,221230000
FAKE-203,DS3121-80 استیل,193450000
FAKE-204,DS3122-80 استیل,176780000
FAKE-205,DS3123-116 استیل,253450000
FAKE-206,DS3124-88 استیل,216780000
FAKE-207,DS3125-50 استیل,161230000
FAKE-208,DS3126-120 استیل,277990000
FAKE-209,DS3127-120 استیل,277890000
FAKE-210,DS3128-120 استیل,254560000
FAKE-211,DS3129-120 استیل,295990000
FAKE-212,DS 315 استیل,208990000
FAKE-213,DS 332 استیل,237990000
FAKE-214,DS 335 استیل,237990000
FAKE-215,DS 338 استیل,237990000
FAKE-216,DS 339 استیل,237990000
FAKE-217,DS 323 استیل,237990000
FAKE-218,DS 325 استیل,225990000
FAKE-219,DS 324 استیل,237990000
FAKE-220,DS 326 استیل,237990000
FAKE-221,DS 329 استیل,237990000
FAKE-222,DS 331 استیل,209000000
FAKE-223,DS 330 استیل,237990000
FAKE-224,DS 346 استیل,276780000
FAKE-225,DS 351 استیل,249990000
FAKE-226,DS 352 استیل,249990000
FAKE-227,DS 353 استیل,249990000
FAKE-228,DS 354 استیل,249990000
FAKE-229,DS 340 استیل,226780000
FAKE-230,DS3217-120 استیل-لبه5 سانتی,263450000
FAKE-231,DS3220-100 استیل,237990000
FAKE-232,DS3222-80 استیل,194560000
FAKE-233,DS 530 استیل,136780000
FAKE-234,DS 521 استیل,139990000
FAKE-235,DS 523 استیل,139990000
FAKE-236,DS 545 استیل,161230000
FAKE-237,DS 543 استیل,161230000
FAKE-238,DS 548 استیل,140120000
FAKE-239,DS 547 استیل,150120000
FAKE-240,DS 541 استیل,161230000
FAKE-241,DS 723 استیل,143990000
FAKE-242,DS 730 استیل,143990000
FAKE-243,DS 743 استیل,171230000
FAKE-244,DS3603-50 مشکی طرح سنگ,209990000
FAKE-245,DS3603-50 سفید طرح سنگ,209990000
FAKE-246,DS3603-80 مشکی طرح سنگ,247890000
FAKE-247,DS3603-80 سفید طرح سنگ,247890000
FAKE-248,DS3604-80 مشکی طرح سنگ,255670000
FAKE-249,DS3604-80 سفید طرح سنگ,255670000
FAKE-250,DS3604-120 سفید طرح سنگ رگه طالیی,289000000
FAKE-251,DS3604-120 سفید طرح سنگ رگه مشکی,289000000
FAKE-252,DS3604-120 سفید طرح سنگ رگه نقره ای,289000000
FAKE-253,DS3604-120 سفید ساده,289000000
FAKE-254,DS3604-120 کرم اکلیلی,289000000
FAKE-255,DS3604-120 طوسی اکلیلی,289000000
FAKE-256,DS3604-120 مشکی اکلیلی,289000000
FAKE-257,DS3604-120 مشکی طرح سنگ رگه طالیی,289000000
FAKE-258,DS3604-120 مشکی ساده,289000000
FAKE-259,DS3605-85 مشکی طرح سنگ,260120000
FAKE-260,DS3605-85 سفید طرح سنگ,260120000
FAKE-261,DS3606-100 سفید طرح سنگ رگه طالیی,281230000
FAKE-262,DS3606-100 مشکی طرح سنگ رگه طالیی,281230000
FAKE-263,DS3607-120 سفید طرح سنگ رگه طالیی,289000000
FAKE-264,DS3607-120 سفید طرح سنگ رگه مشکی,289000000
FAKE-265,DS3607-120 سفید طرح سنگ رگه نقره ای,289000000
FAKE-266,DS3607-120 سفید ساده,289000000
FAKE-267,DS3607-120 کرم اکلیلی,289000000
FAKE-268,DS3607-120 طوسی اکلیلی,289000000
FAKE-269,DS3607-120 مشکی اکلیلی,289000000
FAKE-270,DS3607-120 مشکی طرح سنگ رگه طالیی,289000000
FAKE-271,DS3607-120 مشکی ساده,289000000
FAKE-272,لتکا DF4101-65 شیشه مشکی,652340000
FAKE-273,لتکا DF4101-65 استیل-شیشه مشکی,667890000
FAKE-274,الون DF4102-65 شیشه مشکی,645670000
FAKE-275,الون DF4102-65 استیل-شیشه مشکی,659990000
FAKE-276,لوتوس DF4103-65 شیشه مشکی,631230000
FAKE-277,لوتوس DF4103-65 شیشه سفید,637990000
FAKE-278,ماتیا DF4104-65 شیشه مشکی,657890000
FAKE-279,هلیا DF4105-65 شیشه مشکی,647890000
FAKE-280,هلیا DF4105-65 شیشه سفید,658990000
FAKE-281,هلیا DF4105-65 استیل-شیشه مشکی,664560000
FAKE-282,هلیا DF4105-65 استیل طالیی-شیشه مشکی,664560000
FAKE-283,آنتیک DF4110-60 شیشه مشکی,568990000
FAKE-284,DF4111-65 استیل طالیی-شیشه سفید,695670000
FAKE-285,DF4112-82 شیشه مشکی,723990000
FAKE-286,DT5100-40 مشکی,224560000
